#{"t_start": 1768498935.0965388, "env_id": "None"}
r,l,t
-46.007468,24,0.029373
-46.610057,24,0.051491
-41.268939,24,0.073146
-46.313837,24,0.094663
-44.036411,24,0.116479
-40.647483,24,0.138094
-36.724617,24,0.159567
-45.897137,24,0.180994
-46.655577,24,0.202468
-46.412649,24,0.223872
-48.397602,24,0.245303
-47.819276,24,0.266741
-44.764361,24,0.288159
-46.404562,24,0.309547
-49.712409,24,0.330978
-44.509094,24,0.352738
-49.759097,24,0.375015
-45.572983,24,0.396942
-41.571616,24,0.418647
-41.603202,24,0.440425
-48.010414,24,0.461906
-41.599356,24,0.483364
-42.442778,24,0.504843
-44.254505,24,0.526351
-50.406777,24,0.54788
-40.551277,24,0.569436
-40.960961,24,0.590824
-41.351262,24,0.612244
-45.75021,24,0.633817
-46.040192,24,0.655572
-47.958825,24,0.677053
-41.815499,24,0.698403
-37.483167,24,0.719806
-35.52229,24,0.741143
-48.820335,24,0.762517
-40.42991,24,0.783891
-36.027149,24,0.805313
-39.43177,24,0.826702
-42.244482,24,0.84818
-47.261299,24,0.869689
-39.449526,24,0.891352
-43.727377,24,0.912974
-39.975823,24,0.934535
-41.756559,24,0.95616
-46.711575,24,0.977356
-48.060313,24,0.998773
-48.114085,24,1.020296
-49.470783,24,1.041749
-49.513182,24,1.063403
-46.976083,24,1.084871
-50.343017,24,1.106377
-47.01433,24,1.127805
-42.315864,24,1.149363
-43.097661,24,1.170754
-39.833447,24,1.19212
-47.938911,24,1.213542
-44.81671,24,1.234889
-40.569602,24,1.256222
-36.322399,24,1.27756
-48.370341,24,1.298909
-43.34446,24,1.320366
-43.212884,24,1.341834
-42.835816,24,1.364204
-40.120521,24,1.386233
-46.41277,24,1.40794
-40.090759,24,1.429677
-48.434683,24,1.451309
-39.451461,24,1.472769
-45.807639,24,1.494167
-45.46361,24,1.515828
-41.252992,24,1.537295
-42.839159,24,1.558885
-45.673645,24,1.580356
-42.289018,24,1.601788
-45.26824,24,1.623223
-44.7551,24,1.644668
-45.282913,24,1.666258
-45.986265,24,1.68762
-50.262282,24,1.708971
-44.828146,24,1.730358
-48.994282,24,1.751711
-47.331366,24,1.77319
-34.865152,24,1.794559
-45.838539,24,1.816089
-43.149083,24,1.8375
-43.371443,24,2.577857
-40.455131,24,2.601344
-36.527332,24,2.624065
-38.269615,24,2.646916
-46.594599,24,2.669552
-40.241727,24,2.692301
-46.455539,24,2.714989
-42.504333,24,2.737512
-43.380212,24,2.760106
-43.450569,24,2.782664
-41.431957,24,2.805205
-39.153841,24,2.82792
-41.517049,24,2.850488
-43.184996,24,2.873031
-39.866488,24,2.895663
-42.243539,24,2.918135
-49.505171,24,2.940897
-43.603165,24,2.963713
-41.220154,24,2.986276
-44.896235,24,3.008693
-45.740446,24,3.031301
-45.402687,24,3.053883
-45.767493,24,3.076396
-43.523182,24,3.098868
-45.148858,24,3.121433
-47.793253,24,3.143869
-40.807489,24,3.166287
-38.734974,24,3.188844
-42.927983,24,3.211414
-41.626368,24,3.233919
-37.556034,24,3.2564
-42.340329,24,3.279039
-45.83042,24,3.301438
-43.92896,24,3.323839
-41.045254,24,3.346348
-45.470003,24,3.368954
-42.246285,24,3.391421
-46.354595,24,3.413862
-42.634341,24,3.436417
-38.26202,24,3.459263
-48.405136,24,3.481897
-40.700087,24,3.50437
-37.421107,24,3.526975
-44.801959,24,3.549513
-42.767728,24,3.572072
-45.060884,24,3.594464
-44.631306,24,3.616946
-44.158329,24,3.639501
-39.569798,24,3.661909
-41.441251,24,3.684434
-52.306397,24,3.706998
-44.965398,24,3.729509
-44.003788,24,3.751983
-40.27182,24,3.774469
-40.962805,24,3.79686
-39.906297,24,3.819313
-37.310071,24,3.841894
-42.35901,24,3.864445
-46.181812,24,3.886932
-40.458431,24,3.909363
-39.415329,24,3.931969
-42.514113,24,3.954627
-46.093264,24,3.977225
-38.628981,24,3.999761
-41.313258,24,4.022255
-46.621661,24,4.044691
-42.131105,24,4.067329
-42.147009,24,4.08977
-40.676777,24,4.112289
-40.906761,24,4.134829
-41.993226,24,4.157396
-41.030866,24,4.179958
-40.063992,24,4.202354
-45.164407,24,4.224911
-42.039722,24,4.247576
-49.736592,24,4.269937
-44.39739,24,4.292385
-45.466632,24,4.314887
-41.215572,24,4.337367
-45.552396,24,4.359827
-47.225724,24,4.382286
-46.038186,24,4.404742
-41.838548,24,4.427194
-41.911773,24,4.449934
-40.816522,24,4.472633
-41.058153,24,5.207733
-50.541296,24,5.230423
-42.71011,24,5.252264
-49.516129,24,5.274011
-44.107476,24,5.295545
-38.488702,24,5.317184
-41.215341,24,5.338776
-46.725021,24,5.360302
-45.19151,24,5.381784
-44.702237,24,5.403283
-41.86653,24,5.424747
-46.521652,24,5.446561
-50.136093,24,5.468503
-38.385182,24,5.490107
-50.717416,24,5.511743
-45.10892,24,5.533321
-44.480554,24,5.555094
-42.923179,24,5.576744
-47.290981,24,5.59867
-50.041786,24,5.620249
-43.462425,24,5.641909
-40.205696,24,5.66356
-43.749848,24,5.68517
-42.673446,24,5.706726
-44.489687,24,5.728279
-44.495925,24,5.749806
-47.442093,24,5.77139
-39.212261,24,5.7929
-44.746105,24,5.81452
-38.947948,24,5.836121
-35.444066,24,5.857859
-42.674228,24,5.879448
-39.547143,24,5.900934
-37.385069,24,5.922439
-47.723444,24,5.943944
-43.895959,24,5.965666
-36.157463,24,5.987408
-45.830192,24,6.0089
-45.86166,24,6.030475
-47.314826,24,6.052169
-45.978563,24,6.073891
-37.709478,24,6.095603
-43.716021,24,6.117234
-44.226088,24,6.139327
-46.633789,24,6.161516
-39.791907,24,6.183262
-47.251617,24,6.204878
-37.10463,24,6.2265
-44.599848,24,6.248016
-42.441995,24,6.269615
-44.014798,24,6.291258
-42.642263,24,6.3129
-39.137817,24,6.334512
-39.900963,24,6.356258
-36.677881,24,6.377763
-41.551434,24,6.399411
-38.389909,24,6.42098
-42.4469,24,6.442813
-44.143597,24,6.464581
-46.176779,24,6.486179
-38.614301,24,6.507714
-42.349528,24,6.529349
-40.182868,24,6.550993
-41.594254,24,6.572501
-43.98442,24,6.593991
-42.058957,24,6.615663
-41.211565,24,6.637234
-45.250326,24,6.658821
-44.167465,24,6.680388
-41.839753,24,6.701933
-40.733457,24,6.723342
-48.323515,24,6.744839
-44.44395,24,6.766363
-46.052282,24,6.787805
-45.150514,24,6.809409
-41.497226,24,6.830918
-39.018464,24,6.852464
-38.820019,24,6.87412
-41.512717,24,6.89582
-45.171419,24,6.917301
-44.705158,24,6.938752
-41.245849,24,6.960389
-43.744981,24,6.982062
-45.568612,24,7.003531
-44.36982,24,7.024912
-38.806922,24,7.046643
-50.892478,24,7.790055
-45.394321,24,7.814087
-37.628245,24,7.837294
-44.837069,24,7.860034
-43.095095,24,7.882922
-42.128143,24,7.90638
-44.996174,24,7.929672
-43.041049,24,7.9527
-43.234002,24,7.975593
-42.431156,24,7.998473
-40.446499,24,8.021294
-43.121133,24,8.044011
-45.805078,24,8.066773
-44.967673,24,8.089558
-37.564515,24,8.112356
-36.328355,24,8.135147
-44.605568,24,8.157985
-42.560635,24,8.18073
-44.450284,24,8.204205
-44.053467,24,8.228545
-43.25537,24,8.252427
-43.58982,24,8.276343
-42.524119,24,8.300556
-43.075534,24,8.324148
-44.670791,24,8.347012
-46.215082,24,8.370789
-41.484689,24,8.395136
-42.678097,24,8.41885
-44.361845,24,8.44245
-42.316355,24,8.466124
-41.804491,24,8.488897
-42.646305,24,8.510902
-49.88582,24,8.53272
-40.615985,24,8.554548
-47.782312,24,8.576458
-40.752397,24,8.598595
-40.394875,24,8.621041
-43.926861,24,8.643467
-43.822836,24,8.666216
-50.819578,24,8.688393
-43.08337,24,8.710238
-36.714256,24,8.731895
-49.576606,24,8.75351
-34.865578,24,8.775237
-45.879195,24,8.796841
-38.808474,24,8.818605
-45.273341,24,8.840314
-40.627389,24,8.862221
-39.177707,24,8.88413
-42.60712,24,8.906562
-45.911384,24,8.930205
-49.224651,24,8.954041
-43.848486,24,8.977376
-48.388078,24,9.001204
-43.985474,24,9.024026
-43.546475,24,9.0465
-47.028236,24,9.068652
-43.600362,24,9.09027
-45.777731,24,9.111992
-45.170335,24,9.133665
-43.176928,24,9.155367
-41.677272,24,9.177078
-38.237319,24,9.198814
-42.916586,24,9.220508
-39.488366,24,9.242
-39.058105,24,9.263375
-49.782935,24,9.284947
-40.933421,24,9.306499
-47.188386,24,9.328084
-41.69134,24,9.349956
-41.215211,24,9.371589
-39.282242,24,9.393174
-43.284668,24,9.414711
-42.171598,24,9.436385
-40.52674,24,9.458109
-40.723245,24,9.480004
-41.427985,24,9.50151
-44.891353,24,9.522979
-40.078465,24,9.544676
-40.763453,24,9.566246
-44.159126,24,9.587775
-41.275607,24,9.609307
-45.292354,24,9.630872
-42.636225,24,9.652417
-46.520552,24,9.673986
-45.449433,24,10.411519
-45.264535,24,10.435113
-39.216976,24,10.45819
-47.25377,24,10.481154
-43.799588,24,10.504002
-38.545592,24,10.526848
-37.996494,24,10.549732
-39.925622,24,10.572724
-41.109278,24,10.595502
-39.873362,24,10.618299
-42.457688,24,10.641132
-39.932644,24,10.663942
-41.618797,24,10.686656
-37.617,24,10.709353
-39.468722,24,10.732138
-41.322084,24,10.754818
-41.268497,24,10.777795
-43.101908,24,10.800532
-39.170428,24,10.82333
-43.943394,24,10.845979
-37.303668,24,10.868714
-41.483037,24,10.891454
-44.720404,24,10.914197
-44.360163,24,10.93677
-45.917638,24,10.959554
-40.592774,24,10.982433
-43.528937,24,11.00536
-46.963031,24,11.028101
-38.088831,24,11.050815
-44.904825,24,11.073629
-46.614097,24,11.096294
-41.706636,24,11.119076
-41.666682,24,11.141771
-43.637709,24,11.164395
-42.478719,24,11.187122
-34.389405,24,11.20985
-37.006307,24,11.232549
-41.884374,24,11.255168
-41.20966,24,11.278015
-41.72687,24,11.300764
-41.85359,24,11.323427
-44.343879,24,11.346053
-42.547877,24,11.368746
-38.99232,24,11.391303
-44.298668,24,11.413055
-43.651638,24,11.434521
-42.685859,24,11.456237
-48.293505,24,11.478039
-41.133474,24,11.499645
-44.506688,24,11.521189
-40.318509,24,11.542888
-45.092144,24,11.564581
-37.390757,24,11.586213
-41.317596,24,11.607809
-40.621208,24,11.629273
-38.04824,24,11.650829
-39.924768,24,11.672302
-43.425327,24,11.693702
-39.032581,24,11.715221
-43.321246,24,11.736755
-36.801489,24,11.758266
-38.610436,24,11.779758
-42.696711,24,11.801493
-42.232129,24,11.82318
-43.745144,24,11.844724
-36.494215,24,11.866272
-44.76481,24,11.887804
-52.755485,24,11.90938
-43.522499,24,11.93076
-41.742523,24,11.952228
-46.778959,24,11.973714
-49.864558,24,11.995501
-44.049266,24,12.017038
-44.286456,24,12.038633
-42.674212,24,12.060331
-40.094348,24,12.082086
-40.48342,24,12.10358
-37.498582,24,12.12514
-43.815626,24,12.146589
-43.420205,24,12.168068
-41.359817,24,12.189589
-42.423181,24,12.211126
-43.140381,24,12.232623
-41.30388,24,12.254054
-33.523261,24,12.275696
-44.565928,24,13.019599
-43.99549,24,13.042571
-45.138021,24,13.065792
-44.638072,24,13.088882
-43.843974,24,13.111731
-44.320103,24,13.134615
-45.090305,24,13.157026
-36.146251,24,13.179377
-44.582651,24,13.201685
-43.190519,24,13.223447
-41.951627,24,13.245467
-42.350781,24,13.267335
-43.215286,24,13.288964
-44.980452,24,13.310549
-42.764647,24,13.332182
-42.222282,24,13.353821
-44.218337,24,13.375474
-44.778582,24,13.397166
-42.630283,24,13.41881
-44.455888,24,13.440499
-41.187671,24,13.462366
-39.770151,24,13.485127
-35.88072,24,13.507101
-43.896795,24,13.52901
-45.421358,24,13.550993
-47.237115,24,13.572941
-41.561839,24,13.594794
-46.712286,24,13.616643
-44.708811,24,13.638618
-37.120887,24,13.660631
-39.771829,24,13.682562
-46.346992,24,13.704594
-37.636534,24,13.726384
-40.184023,24,13.748239
-41.274351,24,13.769967
-35.603882,24,13.791785
-44.60414,24,13.813482
-41.881744,24,13.835247
-48.692244,24,13.857137
-44.445773,24,13.879007
-44.012105,24,13.90082
-48.250862,24,13.922593
-41.017152,24,13.944356
-45.456273,24,13.966107
-42.969938,24,13.987909
-45.131918,24,14.009797
-44.272364,24,14.031624
-43.666874,24,14.053423
-42.871363,24,14.075245
-39.048232,24,14.096908
-38.563053,24,14.118725
-44.340087,24,14.140501
-43.325563,24,14.162315
-47.096842,24,14.184062
-38.64269,24,14.205811
-43.602184,24,14.227385
-38.48326,24,14.249265
-38.134632,24,14.270947
-41.252273,24,14.292675
-43.80687,24,14.314349
-42.492137,24,14.336202
-41.286045,24,14.357841
-50.215951,24,14.379634
-43.67246,24,14.401427
-40.688324,24,14.423227
-44.493815,24,14.444863
-42.374678,24,14.466888
-40.849789,24,14.488829
-41.800832,24,14.510492
-43.450164,24,14.532241
-45.545863,24,14.553973
-40.692035,24,14.575803
-41.776466,24,14.597488
-42.379149,24,14.619345
-44.49489,24,14.641243
-39.434829,24,14.663013
-52.494189,24,14.684745
-42.981922,24,14.706429
-47.33438,24,14.72825
-43.455131,24,14.74995
-42.918386,24,14.771778
-41.070545,24,14.793404
-49.345406,24,14.815216
-42.318174,24,14.836942
-42.599817,24,14.858683
-38.5022,24,14.88059
-43.364975,24,15.649508
-40.963101,24,15.672086
-38.430692,24,15.693889
-38.365572,24,15.71586
-45.989144,24,15.737636
-47.659554,24,15.759442
-37.240542,24,15.781252
-39.536667,24,15.802922
-45.673756,24,15.824651
-40.426972,24,15.846295
-38.48811,24,15.867979
-43.697199,24,15.889621
-41.505337,24,15.911472
-44.995921,24,15.933489
-42.013349,24,15.955988
-42.051837,24,15.97809
-39.763369,24,16.000368
-41.073992,24,16.023229
-40.891216,24,16.045639
-45.107792,24,16.067599
-37.335921,24,16.089285
-47.095877,24,16.111496
-41.314167,24,16.133699
-40.192096,24,16.155373
-47.065909,24,16.177002
-44.504198,24,16.198707
-41.66797,24,16.22049
-37.564672,24,16.242058
-41.884325,24,16.263734
-38.305198,24,16.285398
-43.780034,24,16.307052
-42.385852,24,16.328717
-42.827397,24,16.350725
-47.31548,24,16.37343
-39.216473,24,16.395246
-46.809287,24,16.416892
-37.948617,24,16.438577
-42.713377,24,16.460295
-40.087828,24,16.482189
-40.774019,24,16.504464
-44.685148,24,16.526728
-41.936798,24,16.548894
-46.91855,24,16.570682
-41.726745,24,16.592267
-43.95162,24,16.613958
-45.503915,24,16.635691
-40.416689,24,16.65744
-38.343796,24,16.679167
-42.32226,24,16.70087
-38.623957,24,16.722453
-42.947764,24,16.744005
-43.778266,24,16.765819
-37.698364,24,16.788019
-38.988566,24,16.809874
-41.211059,24,16.831531
-41.738642,24,16.853203
-37.045349,24,16.874884
-37.764873,24,16.896509
-43.077733,24,16.918143
-43.273795,24,16.939839
-47.586671,24,16.961418
-35.584369,24,16.982912
-38.359282,24,17.004672
-43.647292,24,17.026454
-42.169879,24,17.048423
-35.676245,24,17.070317
-44.357525,24,17.09241
-43.373319,24,17.11507
-39.004852,24,17.138078
-42.877358,24,17.161275
-41.225858,24,17.184987
-40.538198,24,17.208444
-37.381392,24,17.232091
-44.304359,24,17.256647
-41.65111,24,17.280762
-36.099164,24,17.304841
-42.403224,24,17.329105
-38.220217,24,17.354317
-41.974888,24,17.378679
-36.980792,24,17.403189
-53.90103,24,17.426598
-41.938264,24,17.449235
-39.747404,24,17.471451
-43.950477,24,17.494899
-41.379523,24,17.519317
-45.222202,24,18.281186
-44.977029,24,18.304335
-43.648123,24,18.326694
-36.56886,24,18.349119
-41.51736,24,18.371501
-41.519262,24,18.393857
-45.64122,24,18.41619
-43.279885,24,18.43838
-35.521371,24,18.460741
-45.99674,24,18.483081
-40.882182,24,18.505687
-40.740503,24,18.527977
-38.61704,24,18.550321
-42.393844,24,18.572594
-36.076792,24,18.59486
-44.164437,24,18.616942
-49.162323,24,18.639254
-49.432622,24,18.661374
-39.114904,24,18.683523
-37.451712,24,18.70566
-37.149492,24,18.728045
-43.506668,24,18.751493
-42.373478,24,18.775292
-41.699087,24,18.798891
-34.76672,24,18.822192
-38.43481,24,18.84619
-47.348013,24,18.869567
-36.564033,24,18.892536
-48.433854,24,18.915045
-37.82688,24,18.937394
-42.356931,24,18.959904
-41.765167,24,18.982046
-41.786983,24,19.004355
-39.024374,24,19.027085
-40.243655,24,19.0498
-41.966473,24,19.072958
-43.986948,24,19.097027
-44.453167,24,19.121146
-37.833849,24,19.144769
-45.385682,24,19.168391
-42.490816,24,19.191966
-40.277515,24,19.215248
-37.32602,24,19.238059
-42.028077,24,19.260897
-45.267948,24,19.283594
-42.408849,24,19.306449
-37.898385,24,19.32988
-39.880848,24,19.352821
-41.592535,24,19.375278
-43.356984,24,19.397912
-36.890748,24,19.420659
-37.903918,24,19.443139
-39.037758,24,19.465609
-39.443674,24,19.48829
-38.962957,24,19.510789
-45.542815,24,19.532885
-50.819195,24,19.555036
-38.45762,24,19.577084
-40.732297,24,19.599632
-40.515868,24,19.622314
-42.556716,24,19.644662
-47.387695,24,19.667139
-40.307174,24,19.689926
-35.68389,24,19.712625
-40.544533,24,19.735055
-40.309065,24,19.757964
-36.085661,24,19.780874
-47.408533,24,19.803363
-37.740146,24,19.825829
-42.251727,24,19.84831
-39.764702,24,19.871002
-40.669752,24,19.893447
-43.987273,24,19.915865
-41.308774,24,19.938271
-41.177176,24,19.960883
-43.519696,24,19.983813
-42.508948,24,20.006684
-42.075462,24,20.029061
-39.881781,24,20.051011
-38.402829,24,20.073594
-36.588714,24,20.097144
-42.570281,24,20.120826
-40.260551,24,20.144136
-39.541945,24,20.167345
-35.188182,24,20.190232
-40.239251,24,20.938196
-42.040034,24,20.961651
-48.073842,24,20.984762
-41.343606,24,21.008134
-39.249471,24,21.03119
-44.478612,24,21.053923
-37.882482,24,21.076795
-35.349363,24,21.099129
-41.027921,24,21.12146
-39.662683,24,21.143553
-41.045202,24,21.165874
-43.412582,24,21.18807
-42.701882,24,21.210545
-35.003876,24,21.233077
-39.235698,24,21.255433
-41.493966,24,21.277712
-42.490273,24,21.300214
-41.475118,24,21.322462
-39.910999,24,21.345116
-44.489614,24,21.368608
-40.986994,24,21.392334
-45.690855,24,21.415562
-40.789013,24,21.43871
-34.033537,24,21.461749
-37.703034,24,21.484531
-42.635267,24,21.507798
-39.261626,24,21.530773
-41.662939,24,21.553698
-45.573788,24,21.576466
-45.113146,24,21.599265
-35.069967,24,21.621605
-45.342659,24,21.644214
-44.380851,24,21.66714
-38.16262,24,21.690246
-39.197095,24,21.71297
-39.819098,24,21.735607
-39.068764,24,21.758486
-43.412053,24,21.78081
-40.368668,24,21.803242
-42.890759,24,21.825622
-40.544068,24,21.847787
-40.235824,24,21.87024
-40.997894,24,21.8925
-38.009974,24,21.914655
-37.234462,24,21.936682
-36.668039,24,21.958604
-35.668233,24,21.980629
-39.37433,24,22.002684
-38.774119,24,22.024809
-40.391984,24,22.047486
-42.02089,24,22.071931
-38.415366,24,22.095069
-37.281127,24,22.118673
-43.544298,24,22.142171
-39.29318,24,22.165353
-37.706459,24,22.187736
-44.456266,24,22.209989
-44.352879,24,22.23199
-40.405292,24,22.254084
-40.848607,24,22.276178
-42.512682,24,22.298502
-41.816009,24,22.321482
-39.657311,24,22.345493
-36.209696,24,22.368689
-44.441879,24,22.391543
-44.233289,24,22.414136
-49.145815,24,22.43717
-40.388698,24,22.45978
-37.093604,24,22.482135
-39.694957,24,22.504698
-36.230478,24,22.527081
-36.178644,24,22.549188
-36.637478,24,22.57173
-37.237004,24,22.593958
-41.19739,24,22.615984
-39.738054,24,22.638181
-42.477756,24,22.660471
-36.989816,24,22.682524
-40.346166,24,22.704509
-42.939093,24,22.726632
-40.496185,24,22.749441
-37.012733,24,22.772316
-45.092921,24,22.794908
-47.637943,24,22.817245
-40.963451,24,22.83949
-45.026978,24,22.86188
-43.166152,24,23.608265
-41.424255,24,23.632594
-39.719635,24,23.656412
-42.698597,24,23.679859
-40.103555,24,23.703363
-40.183607,24,23.726677
-46.81499,24,23.749749
-44.752136,24,23.772718
-41.740874,24,23.795617
-37.761829,24,23.818563
-34.196371,24,23.841422
-41.830251,24,23.86426
-42.368545,24,23.887263
-35.892689,24,23.911099
-34.672012,24,23.934136
-42.726803,24,23.957629
-42.413566,24,23.981441
-37.491267,24,24.004946
-39.798313,24,24.028648
-41.814734,24,24.052301
-43.243056,24,24.075927
-38.561942,24,24.099203
-37.046504,24,24.122456
-42.081113,24,24.171876
-40.360456,24,24.196162
-35.117456,24,24.219907
-43.917394,24,24.242915
-42.573546,24,24.265316
-42.359737,24,24.287181
-42.826461,24,24.309
-40.597422,24,24.331285
-34.025488,24,24.354781
-46.151872,24,24.378159
-38.483535,24,24.401017
-37.70966,24,24.424184
-42.703486,24,24.446891
-42.091825,24,24.468961
-41.232686,24,24.490787
-36.27539,24,24.512857
-40.344926,24,24.534672
-38.201342,24,24.557325
-41.202698,24,24.57987
-42.764935,24,24.601815
-38.288589,24,24.623487
-38.035063,24,24.645553
-35.242565,24,24.667946
-46.60281,24,24.690381
-44.423496,24,24.712348
-42.168039,24,24.734594
-46.210758,24,24.756882
-32.405801,24,24.778639
-40.110915,24,24.800417
-43.149138,24,24.822207
-43.957759,24,24.84385
-32.814537,24,24.865668
-40.638381,24,24.88736
-43.077397,24,24.909123
-41.744092,24,24.930764
-38.474588,24,24.952413
-43.893123,24,24.974104
-43.146357,24,24.995711
-41.443974,24,25.0177
-35.984041,24,25.040534
-38.472468,24,25.062213
-44.233648,24,25.083857
-42.160934,24,25.105447
-38.509736,24,25.127166
-39.826718,24,25.148793
-37.327549,24,25.170528
-46.001888,24,25.192192
-40.290279,24,25.213774
-37.66828,24,25.235521
-44.316485,24,25.257323
-40.805553,24,25.279089
-42.349489,24,25.300781
-40.112658,24,25.322428
-39.474247,24,25.344203
-40.230453,24,25.365822
-42.55854,24,25.387408
-38.294494,24,25.408955
-42.919181,24,25.430704
-36.702432,24,25.452282
-38.746268,24,25.473878
-45.009182,24,25.495454
-41.397413,24,25.517431
-40.655052,24,26.252707
-36.253731,24,26.276594
-38.455995,24,26.299644
-41.343978,24,26.322499
-35.484671,24,26.345349
-45.31686,24,26.368253
-43.378197,24,26.391049
-36.804651,24,26.413851
-41.771384,24,26.436599
-34.411607,24,26.459368
-39.751764,24,26.482111
-40.917968,24,26.504969
-38.813898,24,26.52793
-35.354051,24,26.55063
-35.872006,24,26.573337
-42.44148,24,26.596053
-37.27555,24,26.618799
-46.157241,24,26.641501
-45.132828,24,26.664151
-37.021276,24,26.686846
-44.079519,24,26.709537
-38.140906,24,26.732152
-42.911778,24,26.754905
-45.048979,24,26.777647
-43.818161,24,26.800425
-43.528929,24,26.823145
-38.678478,24,26.846029
-42.733928,24,26.868736
-38.246841,24,26.891506
-42.034187,24,26.914185
-44.633294,24,26.936914
-43.429129,24,26.95953
-44.166347,24,26.982051
-43.864036,24,27.004765
-35.564094,24,27.027543
-38.439746,24,27.050484
-39.433826,24,27.073135
-41.511335,24,27.095819
-35.447192,24,27.118589
-39.800197,24,27.141363
-45.419683,24,27.163866
-42.850168,24,27.186767
-32.692169,24,27.209472
-32.837955,24,27.232219
-38.070128,24,27.25491
-42.583646,24,27.277543
-39.268255,24,27.300579
-41.521373,24,27.323835
-38.598323,24,27.347789
-39.08617,24,27.371232
-35.408392,24,27.394009
-42.02551,24,27.416695
-36.708275,24,27.439399
-34.904056,24,27.462062
-37.46283,24,27.484732
-35.230992,24,27.507478
-41.671153,24,27.5305
-40.181616,24,27.553338
-30.01381,24,27.576039
-43.753817,24,27.598797
-47.978441,24,27.621507
-41.499439,24,27.644229
-43.116592,24,27.666921
-34.138447,24,27.68953
-44.474598,24,27.712265
-40.906111,24,27.734977
-43.583948,24,27.75769
-41.812195,24,27.780344
-38.135141,24,27.803093
-41.191488,24,27.825758
-49.58528,24,27.848573
-43.035744,24,27.871306
-36.900401,24,27.894013
-40.577482,24,27.916626
-40.735141,24,27.939425
-44.781488,24,27.962145
-38.548108,24,27.9848
-49.167985,24,28.007607
-35.793844,24,28.030286
-39.585363,24,28.053364
-40.535748,24,28.076087
-45.116113,24,28.098729
-39.624089,24,28.121428
-42.667306,24,28.144109
-39.603013,24,28.166753
-40.368488,24,28.900833
-39.433781,24,28.924644
-42.073094,24,28.947457
-44.411343,24,28.970433
-39.355119,24,28.99319
-39.651392,24,29.016055
-33.743411,24,29.038952
-43.206087,24,29.061878
-40.272162,24,29.084677
-37.898603,24,29.107332
-42.217851,24,29.130107
-40.36297,24,29.152787
-37.595445,24,29.175567
-44.10062,24,29.198257
-40.886492,24,29.221012
-35.641547,24,29.24375
-35.513288,24,29.266656
-40.827652,24,29.289435
-39.041813,24,29.312135
-42.104049,24,29.334847
-34.247442,24,29.357554
-44.471648,24,29.380296
-38.409195,24,29.402904
-37.449827,24,29.425715
-45.561853,24,29.448368
-43.519406,24,29.47099
-42.69898,24,29.493572
-37.646555,24,29.516495
-37.384204,24,29.539399
-45.123403,24,29.562091
-38.396749,24,29.584879
-43.081462,24,29.607573
-44.407406,24,29.630277
-40.367733,24,29.652918
-43.218687,24,29.675609
-37.523771,24,29.698248
-35.886437,24,29.720915
-39.358393,24,29.743589
-43.748631,24,29.766413
-39.525861,24,29.78921
-37.393497,24,29.811904
-36.487316,24,29.834577
-44.270954,24,29.857241
-36.628594,24,29.879985
-35.555007,24,29.902615
-40.320633,24,29.925282
-35.330267,24,29.947922
-39.848183,24,29.970646
-37.740654,24,29.993389
-34.60406,24,30.016038
-38.739622,24,30.038781
-42.147364,24,30.061624
-36.659176,24,30.084372
-40.415087,24,30.107018
-43.852999,24,30.129693
-37.381775,24,30.152353
-41.058005,24,30.175026
-41.163341,24,30.197624
-34.413504,24,30.220274
-36.987127,24,30.242873
-35.459426,24,30.265557
-41.185574,24,30.288291
-34.950845,24,30.311096
-34.239733,24,30.333737
-38.921086,24,30.356458
-35.56305,24,30.379143
-32.742374,24,30.401832
-41.596218,24,30.424509
-38.60355,24,30.447105
-40.464923,24,30.469823
-38.061369,24,30.492559
-41.118272,24,30.51491
-36.548398,24,30.537094
-41.440538,24,30.558886
-43.921909,24,30.580669
-42.401457,24,30.602335
-39.912091,24,30.624123
-39.369681,24,30.645777
-38.663999,24,30.667503
-43.784374,24,30.689212
-42.687934,24,30.710968
-38.474363,24,30.732718
-36.190629,24,30.754558
-43.465954,24,30.776217
-36.310746,24,30.797983
-40.933022,24,30.819815
-31.925406,24,31.555786
-36.740927,24,31.579385
-44.184516,24,31.602407
-39.978042,24,31.625202
-38.32773,24,31.648068
-40.103551,24,31.670916
-40.454641,24,31.693788
-39.446429,24,31.716521
-41.108043,24,31.739291
-41.161519,24,31.762014
-41.14475,24,31.784821
-43.258918,24,31.807591
-43.105182,24,31.830363
-39.956451,24,31.853142
-37.68776,24,31.875861
-43.924344,24,31.898551
-35.947597,24,31.921312
-38.884652,24,31.944075
-36.982894,24,31.966722
-39.024154,24,31.989422
-36.402993,24,32.012097
-35.055327,24,32.034753
-41.153187,24,32.057553
-41.357132,24,32.080403
-33.556387,24,32.10307
-34.158378,24,32.125548
-39.53372,24,32.148306
-37.160614,24,32.171075
-38.476967,24,32.193921
-42.06171,24,32.216555
-34.176277,24,32.239299
-39.553598,24,32.261936
-42.155606,24,32.2846
-34.820547,24,32.307504
-38.350816,24,32.330708
-42.757957,24,32.354645
-45.081507,24,32.377958
-37.267817,24,32.400647
-40.774396,24,32.423405
-39.729598,24,32.446268
-46.871844,24,32.468992
-37.023045,24,32.491723
-38.393879,24,32.514502
-44.714121,24,32.53727
-38.710605,24,32.560229
-37.842854,24,32.582896
-36.948655,24,32.605617
-39.008548,24,32.628257
-38.266724,24,32.651234
-41.307259,24,32.673146
-44.469082,24,32.694946
-37.323424,24,32.716761
-32.850981,24,32.738495
-39.00478,24,32.760513
-36.877108,24,32.782425
-38.330467,24,32.804397
-39.86985,24,32.826433
-42.273879,24,32.848433
-37.264869,24,32.870441
-42.112008,24,32.892494
-40.69507,24,32.91445
-40.277442,24,32.936525
-40.638571,24,32.958438
-42.622356,24,32.980438
-34.763693,24,33.002373
-37.111039,24,33.02434
-37.417232,24,33.046229
-34.447942,24,33.068422
-36.865829,24,33.090497
-37.740964,24,33.112484
-41.373681,24,33.13445
-33.510984,24,33.156406
-36.138683,24,33.178344
-38.137984,24,33.200381
-31.959997,24,33.222325
-42.441157,24,33.244171
-43.970136,24,33.266275
-37.13,24,33.288095
-35.089154,24,33.310028
-41.299914,24,33.331997
-36.107598,24,33.353982
-39.838823,24,33.375907
-39.543836,24,33.397908
-36.922494,24,33.41988
-31.9692,24,33.441889
-38.456588,24,34.177713
-36.549591,24,34.200712
-42.308424,24,34.223034
-34.429507,24,34.245173
-39.857212,24,34.267344
-44.356109,24,34.289515
-41.865414,24,34.311659
-41.125419,24,34.333749
-43.682095,24,34.355976
-46.347327,24,34.377964
-35.032985,24,34.400004
-43.314994,24,34.422008
-36.960532,24,34.444036
-35.520829,24,34.466013
-33.062123,24,34.488052
-39.858255,24,34.510082
-45.112282,24,34.532389
-36.008407,24,34.55466
-40.800489,24,34.576681
-39.129311,24,34.598651
-38.99744,24,34.620614
-41.680352,24,34.642585
-42.386343,24,34.664526
-45.522182,24,34.686554
-40.260966,24,34.70853
-37.768684,24,34.730649
-41.484082,24,34.753991
-38.203883,24,34.77657
-37.742327,24,34.798568
-38.387053,24,34.82061
-47.474862,24,34.84258
-34.578933,24,34.864509
-38.140191,24,34.886446
-41.720503,24,34.908413
-41.662693,24,34.930389
-37.622239,24,34.952286
-44.538689,24,34.974202
-36.706878,24,34.996208
-36.508069,24,35.018173
-43.000672,24,35.040183
-41.512723,24,35.06254
-45.298723,24,35.08463
-48.436713,24,35.106739
-41.918915,24,35.128711
-41.353623,24,35.150662
-40.450207,24,35.172613
-36.800389,24,35.194551
-36.432391,24,35.21652
-42.634693,24,35.238501
-38.924352,24,35.260478
-37.929313,24,35.282374
-32.831721,24,35.304451
-39.279232,24,35.326515
-41.150661,24,35.348482
-39.072705,24,35.370359
-38.992192,24,35.395167
-44.919484,24,35.419403
-40.706284,24,35.442276
-36.708167,24,35.464389
-35.245443,24,35.486382
-43.080842,24,35.508551
-39.86273,24,35.530559
-36.822868,24,35.552953
-38.568179,24,35.575229
-41.638383,24,35.597197
-46.807678,24,35.619116
-36.147366,24,35.641083
-39.487795,24,35.66305
-37.133618,24,35.685082
-35.699209,24,35.707065
-39.578956,24,35.72913
-40.145996,24,35.751103
-41.897538,24,35.773102
-38.460541,24,35.795086
-39.919248,24,35.817201
-36.892282,24,35.839162
-36.670682,24,35.86119
-36.480354,24,35.883166
-40.035776,24,35.905096
-42.991564,24,35.927072
-35.981097,24,35.949049
-37.992317,24,35.971064
-43.75564,24,35.993026
-37.254657,24,36.015015
-40.48152,24,36.037005
-41.41809,24,36.771913
-36.359846,24,36.794655
-35.852259,24,36.81673
-30.661029,24,36.838754
-38.738638,24,36.860786
-43.165959,24,36.882874
-38.331262,24,36.904874
-44.65499,24,36.926922
-42.592441,24,36.949055
-34.93091,24,36.970859
-37.208915,24,36.992838
-40.137502,24,37.014829
-38.376334,24,37.036802
-37.177473,24,37.058777
-34.807575,24,37.080917
-38.328412,24,37.10289
-39.148413,24,37.124874
-30.219607,24,37.146788
-39.304159,24,37.168715
-42.29387,24,37.190673
-38.274611,24,37.212504
-40.048649,24,37.234394
-33.206765,24,37.25633
-37.332591,24,37.278216
-35.085358,24,37.300191
-41.357346,24,37.322522
-39.063848,24,37.345187
-40.211399,24,37.368443
-34.85862,24,37.39083
-39.871236,24,37.412868
-40.802988,24,37.434786
-37.937271,24,37.456622
-35.698114,24,37.478458
-39.417597,24,37.500341
-37.98022,24,37.522228
-42.437834,24,37.544202
-43.697099,24,37.566448
-38.165427,24,37.588424
-38.700181,24,37.610414
-36.034632,24,37.632385
-40.757821,24,37.654335
-44.484251,24,37.676071
-37.443487,24,37.69788
-35.353532,24,37.719753
-39.638691,24,37.741531
-39.011495,24,37.763386
-38.474147,24,37.785281
-38.35126,24,37.806996
-39.55683,24,37.82897
-37.339625,24,37.850844
-37.808459,24,37.872735
-36.604948,24,37.894684
-37.519483,24,37.916555
-42.999755,24,37.938426
-37.850897,24,37.96038
-43.395206,24,37.982137
-38.105446,24,38.00394
-32.96766,24,38.025756
-35.437684,24,38.047633
-39.899354,24,38.069348
-40.30455,24,38.091476
-38.988355,24,38.113407
-31.745523,24,38.135292
-38.552324,24,38.157458
-40.069132,24,38.17944
-36.056484,24,38.201389
-35.013144,24,38.223119
-40.16287,24,38.244978
-40.978418,24,38.266902
-39.344832,24,38.288739
-38.61919,24,38.31054
-39.905027,24,38.33242
-39.114475,24,38.354341
-31.881947,24,38.376109
-35.904344,24,38.39811
-37.503763,24,38.420066
-36.058874,24,38.441924
-37.933332,24,38.463877
-35.98933,24,38.48567
-36.781525,24,38.507528
-38.86653,24,38.529375
-32.412877,24,38.551392
-35.788773,24,38.57353
-40.174796,24,38.595393
-40.542754,24,38.617177
-37.418289,24,38.639022
-40.657708,24,39.373227
-46.218076,24,39.397111
-37.551124,24,39.420143
-39.246959,24,39.442837
-42.657305,24,39.465683
-35.891141,24,39.488584
-39.294854,24,39.511374
-40.528523,24,39.534168
-41.333025,24,39.556963
-38.739615,24,39.580118
-42.87272,24,39.603033
-36.985047,24,39.625741
-40.163421,24,39.648433
-38.132004,24,39.6713
-40.742491,24,39.694056
-41.192058,24,39.716809
-35.475622,24,39.739541
-36.143307,24,39.76227
-38.503827,24,39.784959
-38.636884,24,39.807607
-36.468666,24,39.830377
-40.618082,24,39.853129
-40.054066,24,39.875908
-41.536481,24,39.898559
-34.612451,24,39.921276
-38.646726,24,39.943764
-43.487639,24,39.966428
-33.692322,24,39.989155
-39.350278,24,40.011909
-40.987477,24,40.034596
-36.896181,24,40.0573
-35.127209,24,40.0801
-40.196145,24,40.102906
-34.993319,24,40.125578
-33.983037,24,40.148296
-36.452815,24,40.171062
-46.013309,24,40.194445
-32.172314,24,40.21798
-36.57585,24,40.24117
-43.480499,24,40.263905
-43.150076,24,40.286617
-39.987362,24,40.309246
-35.748251,24,40.33186
-39.599662,24,40.35431
-35.55553,24,40.376889
-33.441766,24,40.399475
-38.916667,24,40.422933
-40.320676,24,40.445934
-39.815351,24,40.468863
-37.850418,24,40.491796
-41.028078,24,40.514347
-32.959924,24,40.536288
-37.932906,24,40.558461
-33.959908,24,40.580592
-34.135277,24,40.602432
-39.14568,24,40.624353
-37.113192,24,40.646232
-39.531003,24,40.668307
-35.679436,24,40.690265
-39.746993,24,40.71216
-30.802535,24,40.734113
-31.708918,24,40.756196
-34.910546,24,40.778153
-38.440914,24,40.800085
-43.88526,24,40.822074
-40.204752,24,40.844105
-42.130208,24,40.866085
-35.660551,24,40.888099
-34.051327,24,40.910115
-42.252126,24,40.932124
-38.05819,24,40.954077
-42.290187,24,40.976095
-40.362985,24,40.998152
-41.881219,24,41.020204
-39.048322,24,41.042205
-39.759966,24,41.06421
-41.365044,24,41.08618
-39.941982,24,41.108295
-35.896584,24,41.130252
-36.909827,24,41.152184
-37.305631,24,41.174186
-35.754455,24,41.196162
-36.718626,24,41.218124
-37.337556,24,41.24016
-35.531027,24,41.26221
-37.478606,24,41.996332
-41.268335,24,42.02014
-43.467152,24,42.043014
-44.934779,24,42.066002
-37.292523,24,42.089073
-40.735483,24,42.112185
-40.658811,24,42.135061
-31.235094,24,42.15761
-34.600527,24,42.180453
-36.484326,24,42.203243
-38.185573,24,42.226055
-35.723305,24,42.248807
-31.900056,24,42.271518
-37.807532,24,42.295141
-36.231423,24,42.318246
-39.021522,24,42.341712
-39.259171,24,42.365762
-35.370518,24,42.389341
-37.137662,24,42.412028
-36.378496,24,42.434873
-34.965153,24,42.457655
-37.357115,24,42.480432
-34.911945,24,42.50322
-30.335858,24,42.52598
-37.940716,24,42.548776
-37.42995,24,42.571712
-40.166567,24,42.594897
-36.631642,24,42.617729
-35.441061,24,42.640512
-41.609938,24,42.663189
-39.493947,24,42.685947
-38.050469,24,42.708608
-40.027515,24,42.731325
-35.64341,24,42.754037
-35.215039,24,42.77674
-40.958813,24,42.799554
-41.645619,24,42.822367
-36.940386,24,42.845121
-37.025218,24,42.867894
-40.91806,24,42.890728
-37.08012,24,42.913448
-37.612207,24,42.9362
-34.038868,24,42.95883
-42.791632,24,42.981509
-36.271002,24,43.004222
-40.550256,24,43.026915
-35.646081,24,43.049635
-39.778967,24,43.072436
-38.23471,24,43.095315
-39.680855,24,43.118275
-44.24431,24,43.141145
-33.866176,24,43.163848
-40.340385,24,43.186587
-32.874843,24,43.209357
-39.587358,24,43.232388
-37.813655,24,43.255048
-42.138259,24,43.277781
-36.826035,24,43.30083
-38.435321,24,43.323585
-34.120186,24,43.346312
-35.695626,24,43.369061
-38.920875,24,43.391831
-35.256293,24,43.414615
-42.855254,24,43.437296
-35.814764,24,43.459965
-34.778312,24,43.482637
-34.031069,24,43.505407
-41.694301,24,43.527205
-43.021713,24,43.548904
-37.186043,24,43.570842
-39.765372,24,43.59298
-40.144022,24,43.614869
-43.323853,24,43.636862
-39.004455,24,43.658905
-40.356555,24,43.680846
-36.309727,24,43.702856
-31.197409,24,43.724791
-37.352778,24,43.746718
-40.508978,24,43.768574
-31.399348,24,43.791269
-43.977603,24,43.813094
-28.164021,24,43.834922
-38.081751,24,43.856882
-36.319222,24,43.878826
-34.425346,24,43.900862
-38.609219,24,44.636536
-35.907868,24,44.660165
-33.411513,24,44.68308
-33.962697,24,44.705971
-37.864634,24,44.728817
-39.881577,24,44.751716
-36.977511,24,44.774464
-36.172915,24,44.797226
-36.89725,24,44.820066
-38.075401,24,44.842785
-34.024834,24,44.865572
-37.499104,24,44.888361
-38.85703,24,44.911098
-37.618268,24,44.933758
-37.656261,24,44.956663
-38.077827,24,44.97947
-37.198987,24,45.002458
-37.617661,24,45.025265
-39.072861,24,45.047934
-38.741207,24,45.070804
-33.63183,24,45.09343
-36.90786,24,45.116335
-36.79229,24,45.139068
-34.484572,24,45.161711
-37.052407,24,45.184389
-43.499742,24,45.207124
-42.094327,24,45.229814
-38.170548,24,45.252571
-36.518097,24,45.275318
-35.536925,24,45.297954
-33.378661,24,45.320705
-40.628757,24,45.343316
-41.521471,24,45.366028
-32.950771,24,45.388656
-37.201465,24,45.411265
-37.739168,24,45.433925
-39.150647,24,45.456634
-35.604203,24,45.479305
-41.313918,24,45.501994
-37.700325,24,45.52469
-35.493942,24,45.547319
-35.5243,24,45.569997
-39.116403,24,45.592951
-33.021787,24,45.615722
-40.839018,24,45.638271
-33.619849,24,45.660906
-38.753689,24,45.683484
-38.385791,24,45.7062
-32.395625,24,45.728908
-38.64545,24,45.751811
-35.17841,24,45.774797
-37.313263,24,45.797422
-38.944174,24,45.820103
-37.606682,24,45.842729
-36.554817,24,45.865472
-31.281379,24,45.888081
-39.377892,24,45.910776
-37.011344,24,45.933402
-38.509941,24,45.956194
-35.410125,24,45.978982
-40.911577,24,46.001655
-35.577055,24,46.024563
-33.848213,24,46.047371
-37.875195,24,46.0702
-33.950232,24,46.092953
-34.853251,24,46.115733
-39.428281,24,46.138486
-36.484869,24,46.1612
-33.28434,24,46.183931
-35.274337,24,46.206658
-36.340217,24,46.229322
-40.150337,24,46.252052
-37.313873,24,46.27462
-40.222626,24,46.296628
-37.958165,24,46.318809
-42.248197,24,46.340646
-38.263105,24,46.363721
-43.138649,24,46.386036
-40.249986,24,46.407977
-41.387787,24,46.429831
-39.70861,24,46.45166
-31.330061,24,46.473375
-35.836675,24,46.495177
-30.232736,24,46.517049
-40.053437,24,46.538966
-33.55513,24,46.56064
-39.08498,24,47.351092
-36.489336,24,47.378256
-34.496721,24,47.401912
-35.335719,24,47.42499
-39.504513,24,47.447893
-32.69473,24,47.470905
-38.894959,24,47.493698
-39.18279,24,47.516549
-35.119128,24,47.539322
-38.930894,24,47.56211
-41.07019,24,47.585113
-36.895083,24,47.60822
-37.868735,24,47.630962
-44.352386,24,47.65367
-40.277196,24,47.676465
-36.89466,24,47.699176
-38.562488,24,47.722029
-36.694827,24,47.74476
-41.556331,24,47.767489
-37.426813,24,47.790242
-34.958931,24,47.813035
-34.526322,24,47.835713
-36.098214,24,47.858396
-38.522093,24,47.881022
-34.369013,24,47.903667
-38.897318,24,47.926331
-38.826575,24,47.949041
-31.989051,24,47.972005
-36.471076,24,47.994744
-40.123229,24,48.017453
-39.84055,24,48.040184
-35.639837,24,48.062855
-39.573961,24,48.085602
-38.557937,24,48.108346
-31.306897,24,48.131378
-38.659126,24,48.15415
-38.265312,24,48.176848
-37.316213,24,48.199578
-35.546414,24,48.222533
-43.387944,24,48.245233
-32.231389,24,48.268041
-37.245521,24,48.290609
-34.961667,24,48.313385
-40.192097,24,48.336082
-36.433899,24,48.358809
-37.956511,24,48.381525
-35.740675,24,48.40421
-39.403033,24,48.426889
-36.593658,24,48.449556
-37.106954,24,48.472372
-41.275515,24,48.495034
-41.36764,24,48.517736
-44.472542,24,48.540357
-32.386136,24,48.563058
-41.549486,24,48.585944
-45.313373,24,48.608969
-38.873739,24,48.631728
-40.240401,24,48.654439
-34.745781,24,48.677176
-34.386452,24,48.699837
-31.132108,24,48.722684
-33.388365,24,48.745369
-32.180214,24,48.768064
-40.534236,24,48.790698
-35.515414,24,48.813403
-36.741109,24,48.836042
-38.646098,24,48.85887
-37.093579,24,48.881573
-36.526832,24,48.904244
-43.304905,24,48.927007
-42.030132,24,48.949699
-34.800423,24,48.972645
-35.314261,24,48.995329
-37.554808,24,49.017995
-33.310817,24,49.040592
-39.818625,24,49.06329
-32.652749,24,49.085921
-39.419505,24,49.108732
-35.04645,24,49.13177
-39.507842,24,49.154627
-37.740807,24,49.177435
-42.470867,24,49.200114
-35.967542,24,49.222918
-37.18785,24,49.245577
-34.473838,24,49.268319
-36.5163,24,50.004201
-38.606591,24,50.027975
-37.927762,24,50.051029
-34.214907,24,50.073984
-37.048351,24,50.096825
-39.763585,24,50.119809
-34.739756,24,50.142727
-39.922489,24,50.165582
-34.83157,24,50.188329
-34.40939,24,50.211225
-37.142593,24,50.234013
-39.41792,24,50.256799
-41.013477,24,50.279644
-38.805334,24,50.302436
-33.396465,24,50.3253
-34.03296,24,50.348009
-36.359253,24,50.370919
-35.471077,24,50.393736
-38.60029,24,50.416606
-37.126224,24,50.439375
-33.245862,24,50.462114
-38.996582,24,50.484748
-36.372161,24,50.507566
-41.669974,24,50.530405
-38.252764,24,50.553122
-38.880759,24,50.575898
-36.920278,24,50.598807
-36.135768,24,50.621789
-33.674202,24,50.644472
-31.593798,24,50.667196
-33.453019,24,50.689903
-41.634411,24,50.712547
-36.069922,24,50.73527
-32.092361,24,50.757983
-34.047304,24,50.780661
-42.425272,24,50.803363
-33.585592,24,50.826054
-39.837456,24,50.848727
-38.246698,24,50.871586
-38.90755,24,50.894402
-35.322903,24,50.917113
-41.595099,24,50.939774
-32.973364,24,50.962734
-38.831237,24,50.985464
-37.416426,24,51.008049
-41.163695,24,51.030739
-33.836216,24,51.053399
-36.558751,24,51.076151
-38.606643,24,51.098781
-40.349576,24,51.121505
-29.452038,24,51.144607
-40.23349,24,51.167393
-35.521973,24,51.190035
-41.996683,24,51.212649
-42.903981,24,51.2353
-40.87739,24,51.257948
-39.158318,24,51.280682
-40.081804,24,51.303372
-32.305342,24,51.326071
-35.125855,24,51.348737
-36.662694,24,51.371578
-36.017769,24,51.394391
-37.245519,24,51.417172
-42.176944,24,51.439973
-42.053041,24,51.462662
-40.502305,24,51.485363
-36.985862,24,51.508039
-35.431464,24,51.530694
-36.933581,24,51.553414
-31.224147,24,51.576073
-38.538504,24,51.598917
-38.475399,24,51.622018
-34.556831,24,51.644945
-36.640383,24,51.667644
-35.215203,24,51.690353
-36.906579,24,51.713073
-36.736454,24,51.736431
-37.933785,24,51.759206
-33.104159,24,51.781927
-35.254593,24,51.804669
-39.325652,24,51.827412
-36.605896,24,51.850143
-36.383408,24,51.87287
-38.662697,24,51.895681
-34.730662,24,51.918395
-37.064739,24,52.654755
-37.717742,24,52.678627
-35.956876,24,52.701717
-37.399596,24,52.724555
-34.169742,24,52.747436
-41.367265,24,52.770334
-33.2594,24,52.793226
-36.505701,24,52.815963
-35.879937,24,52.838798
-33.84414,24,52.861831
-30.103851,24,52.88471
-34.031487,24,52.907445
-34.69674,24,52.93021
-37.724426,24,52.952977
-35.051092,24,52.975672
-36.835784,24,52.998442
-34.253972,24,53.021246
-39.462213,24,53.044052
-28.672062,24,53.066764
-41.268521,24,53.089545
-33.44147,24,53.112232
-39.332329,24,53.13499
-35.938067,24,53.157841
-35.516141,24,53.18058
-40.055945,24,53.203388
-34.198176,24,53.226103
-26.590967,24,53.248949
-32.590628,24,53.271826
-32.19905,24,53.294557
-38.908213,24,53.317345
-31.930438,24,53.340114
-36.228825,24,53.362802
-31.250918,24,53.385551
-35.408511,24,53.408265
-33.648834,24,53.430996
-32.513395,24,53.453741
-32.787241,24,53.476503
-35.840759,24,53.499163
-36.983364,24,53.521936
-36.599615,24,53.544772
-37.456309,24,53.567515
-34.673732,24,53.590236
-40.333946,24,53.61312
-38.023948,24,53.636326
-33.025385,24,53.659004
-30.555738,24,53.681723
-35.842542,24,53.704484
-34.254839,24,53.727235
-32.327833,24,53.749961
-42.060006,24,53.772764
-39.021109,24,53.795463
-33.82346,24,53.818208
-36.38769,24,53.840956
-33.266512,24,53.863636
-32.188612,24,53.886258
-35.6556,24,53.909043
-33.654791,24,53.931728
-34.057781,24,53.954564
-35.815922,24,53.977184
-29.093105,24,53.999998
-40.700739,24,54.022767
-34.846777,24,54.045464
-33.669477,24,54.068129
-36.873582,24,54.090852
-32.784757,24,54.113496
-37.41127,24,54.13614
-41.566545,24,54.159187
-35.082162,24,54.181897
-30.902714,24,54.204691
-36.388408,24,54.227384
-32.56206,24,54.250027
-37.402041,24,54.272887
-35.460314,24,54.295673
-39.774971,24,54.31834
-37.074386,24,54.34105
-39.269883,24,54.363737
-29.418648,24,54.386532
-35.161202,24,54.409277
-34.033425,24,54.431777
-34.394845,24,54.454514
-36.82562,24,54.477139
-31.018243,24,54.499814
-35.745271,24,54.522465
-36.976177,24,54.545213
-42.470581,24,54.567913
-32.371672,24,54.59056
-38.483762,24,55.324594
-33.521784,24,55.347509
-41.537036,24,55.369931
-34.237003,24,55.392131
-37.365762,24,55.414368
-37.008043,24,55.436456
-38.703792,24,55.460849
-36.878208,24,55.484622
-39.735423,24,55.507603
-38.728911,24,55.529758
-31.313984,24,55.551886
-35.474892,24,55.574088
-37.288659,24,55.596219
-34.594842,24,55.618479
-33.322715,24,55.64091
-35.199991,24,55.66303
-39.720982,24,55.685155
-32.101108,24,55.707396
-40.701581,24,55.729379
-31.301725,24,55.751456
-33.495485,24,55.773393
-31.003224,24,55.79536
-36.065712,24,55.817306
-33.995569,24,55.839255
-36.454875,24,55.861271
-32.857603,24,55.883255
-30.467587,24,55.905291
-39.182029,24,55.927327
-39.54868,24,55.94937
-40.26864,24,55.971524
-38.316296,24,55.993507
-35.630487,24,56.015497
-33.385217,24,56.037549
-34.058593,24,56.059482
-37.081927,24,56.081453
-29.367898,24,56.103474
-34.450036,24,56.125392
-32.319531,24,56.147387
-37.074303,24,56.169525
-36.722329,24,56.19164
-36.81271,24,56.213824
-39.270705,24,56.235853
-36.758707,24,56.257826
-39.27731,24,56.279833
-35.28332,24,56.301793
-37.619712,24,56.323693
-32.935557,24,56.345569
-37.863996,24,56.367527
-40.568996,24,56.389534
-30.920255,24,56.411535
-39.095052,24,56.433445
-42.302259,24,56.455511
-35.130364,24,56.477529
-32.753005,24,56.499587
-32.496099,24,56.521544
-38.080926,24,56.543497
-34.079582,24,56.565449
-41.203869,24,56.587434
-38.742344,24,56.609481
-33.467065,24,56.631601
-31.685611,24,56.653564
-36.23253,24,56.67556
-36.363966,24,56.697588
-38.51764,24,56.719623
-38.699239,24,56.741554
-36.676223,24,56.76359
-39.461021,24,56.785468
-36.731494,24,56.809866
-30.237477,24,56.833892
-31.690024,24,56.860576
-39.742646,24,56.888814
-34.089644,24,56.912561
-34.32981,24,56.936873
-31.621431,24,56.960305
-35.852968,24,56.983188
-34.959598,24,57.006055
-39.014602,24,57.028779
-36.842696,24,57.051612
-40.126879,24,57.074452
-34.083012,24,57.097276
-34.065213,24,57.120044
-33.352393,24,57.142749
-34.141701,24,57.165498
-32.307654,24,57.188399
-35.017338,24,57.21131
-32.849765,24,57.953037
-31.155426,24,57.975846
-33.310572,24,57.998066
-27.137575,24,58.020108
-36.710664,24,58.042138
-36.535461,24,58.064226
-36.549222,24,58.086273
-36.969316,24,58.108237
-37.074113,24,58.130219
-36.458927,24,58.152122
-35.070311,24,58.174017
-33.809751,24,58.195935
-35.221654,24,58.217893
-29.589313,24,58.23972
-32.26836,24,58.261706
-38.040052,24,58.283628
-35.183524,24,58.305503
-32.73458,24,58.327522
-38.486531,24,58.349414
-30.573715,24,58.3712
-32.530502,24,58.393178
-37.489904,24,58.41494
-35.029394,24,58.436729
-32.905058,24,58.458644
-36.366004,24,58.480414
-31.126282,24,58.50224
-34.179893,24,58.524025
-35.815669,24,58.545759
-34.447739,24,58.567713
-37.213065,24,58.589706
-36.332112,24,58.61159
-34.77481,24,58.633656
-37.444848,24,58.65571
-33.294242,24,58.677418
-43.230606,24,58.699256
-34.81386,24,58.721095
-34.301068,24,58.742904
-37.669998,24,58.76465
-36.82482,24,58.786555
-33.459529,24,58.808318
-37.423355,24,58.830174
-33.8976,24,58.851982
-34.016481,24,58.873759
-37.046053,24,58.895644
-32.826694,24,58.917512
-36.388667,24,58.939183
-30.941627,24,58.961065
-37.113249,24,58.982793
-33.643386,24,59.004649
-35.137952,24,59.026407
-40.990494,24,59.04825
-33.059125,24,59.070119
-34.544269,24,59.092097
-34.121624,24,59.113741
-30.537804,24,59.135541
-32.530577,24,59.157253
-33.442734,24,59.179236
-33.093974,24,59.201109
-34.887095,24,59.222779
-36.001761,24,59.244625
-35.742218,24,59.266387
-33.708304,24,59.288176
-37.29926,24,59.309995
-30.944229,24,59.331927
-36.91979,24,59.35376
-37.446108,24,59.37563
-35.544729,24,59.397672
-37.809843,24,59.41956
-35.315733,24,59.441238
-33.723381,24,59.463161
-34.8989,24,59.484933
-28.365499,24,59.506774
-35.19625,24,59.528621
-34.512819,24,59.550332
-31.937552,24,59.572219
-32.4667,24,59.59415
-32.434834,24,59.615851
-32.862749,24,59.637911
-33.215861,24,59.659797
-29.45429,24,59.681649
-31.089525,24,59.703361
-32.131542,24,59.725257
-35.821811,24,59.747097
-34.800633,24,59.768752
-34.546909,24,59.790645
-35.087754,24,60.525727
-32.979779,24,60.548302
-36.050699,24,60.57041
-34.821804,24,60.59244
-35.373874,24,60.614413
-38.888745,24,60.636877
-29.901631,24,60.658952
-31.422798,24,60.681044
-32.318046,24,60.703094
-34.804595,24,60.724965
-29.969309,24,60.746948
-36.315376,24,60.768858
-32.437626,24,60.790813
-35.681494,24,60.812777
-35.131021,24,60.834688
-32.928218,24,60.856588
-36.963053,24,60.878505
-28.584234,24,60.900402
-36.468748,24,60.92238
-30.666691,24,60.944318
-36.618723,24,60.966285
-36.909825,24,60.988122
-35.327279,24,61.00996
-32.499453,24,61.03182
-31.583727,24,61.053795
-39.081714,24,61.075584
-39.162272,24,61.097387
-30.708578,24,61.119303
-35.88093,24,61.141287
-32.846104,24,61.16331
-34.680101,24,61.185295
-27.076469,24,61.20729
-34.173511,24,61.229025
-27.285525,24,61.250896
-36.759614,24,61.272842
-32.049109,24,61.294686
-38.542568,24,61.316623
-32.891692,24,61.33917
-33.159432,24,61.363461
-34.938732,24,61.387116
-34.370493,24,61.409883
-33.719457,24,61.432013
-31.132709,24,61.454234
-38.248475,24,61.476312
-33.322915,24,61.498405
-33.484343,24,61.520456
-38.378543,24,61.542552
-37.044851,24,61.564575
-30.78262,24,61.586577
-34.048715,24,61.608543
-35.539543,24,61.630801
-31.362661,24,61.65323
-35.99997,24,61.675417
-34.885379,24,61.697484
-33.750277,24,61.71957
-33.2571,24,61.741668
-36.085666,24,61.76378
-33.782903,24,61.785824
-30.914368,24,61.807886
-34.040201,24,61.829831
-32.358452,24,61.851879
-34.517693,24,61.873892
-34.391707,24,61.895936
-34.041761,24,61.918194
-39.173051,24,61.94016
-34.102031,24,61.962335
-30.03061,24,61.984314
-34.813354,24,62.006377
-39.766445,24,62.028366
-33.270714,24,62.050424
-36.47699,24,62.0725
-36.157149,24,62.09453
-36.477464,24,62.116585
-34.397529,24,62.138562
-33.56986,24,62.160747
-29.947622,24,62.182932
-37.951216,24,62.20519
-35.185742,24,62.227207
-38.663609,24,62.249278
-32.245537,24,62.271283
-37.95823,24,62.293358
-31.095375,24,62.315415
-34.242342,24,62.337796
-34.23577,24,62.360346
-36.073455,24,62.383487
-34.607432,24,62.406111
-34.651985,24,63.142411
-28.882457,24,63.165457
-30.858628,24,63.187931
-34.696724,24,63.210272
-31.680035,24,63.232602
-35.532762,24,63.254818
-35.450181,24,63.277078
-32.624327,24,63.299311
-33.08544,24,63.321586
-36.542808,24,63.343693
-33.228539,24,63.365966
-30.561055,24,63.388047
-34.378349,24,63.410062
-35.178533,24,63.432181
-35.164909,24,63.454404
-32.916251,24,63.476573
-34.393865,24,63.49863
-32.670139,24,63.520898
-32.79586,24,63.542966
-32.498958,24,63.565109
-35.064927,24,63.587166
-31.694554,24,63.609315
-29.914452,24,63.631429
-33.568988,24,63.653823
-29.041626,24,63.676
-28.227741,24,63.698074
-33.596828,24,63.720129
-32.741611,24,63.742302
-34.996089,24,63.764615
-29.01391,24,63.786673
-35.94132,24,63.808735
-38.477572,24,63.83094
-33.971335,24,63.853069
-31.757408,24,63.875093
-35.824676,24,63.897191
-36.234667,24,63.919201
-25.918857,24,63.941429
-33.778718,24,63.963585
-30.762945,24,63.985686
-35.236004,24,64.007716
-25.744898,24,64.029995
-36.16299,24,64.05205
-33.091831,24,64.074142
-34.619185,24,64.096195
-36.92017,24,64.118283
-37.116578,24,64.140412
-38.811855,24,64.162531
-37.446374,24,64.184815
-34.176301,24,64.207047
-29.530391,24,64.229215
-31.349019,24,64.251293
-34.526415,24,64.27366
-39.314548,24,64.295695
-31.832483,24,64.317741
-28.862199,24,64.339805
-34.103023,24,64.361917
-32.546511,24,64.384056
-32.157863,24,64.406109
-32.064951,24,64.428072
-37.909211,24,64.450358
-28.306778,24,64.472397
-33.346184,24,64.494358
-29.83743,24,64.516599
-30.645466,24,64.538654
-33.760339,24,64.560732
-31.797016,24,64.582784
-33.020211,24,64.604905
-34.038713,24,64.627021
-35.745934,24,64.64937
-29.769454,24,64.671664
-29.823665,24,64.693799
-32.369369,24,64.715946
-36.194374,24,64.738059
-35.644787,24,64.76017
-36.619812,24,64.782509
-34.268315,24,64.804595
-35.405263,24,64.826652
-30.48857,24,64.848664
-37.707244,24,64.870745
-40.534713,24,64.89281
-31.261957,24,64.914738
-29.892835,24,64.936836
-30.353061,24,64.959054
-35.685019,24,64.981121
-34.967306,24,65.003142
